{
  "experiment": "experiment4_lora_contrastive",
  "train_samples": 1880,
  "test_samples": 421,
  "vocab_size": 200,
  "lora_rank": 32,
  "lora_alpha": 1.0,
  "epochs": 25,
  "lr": 0.0001,
  "losses": [
    4.718175,
    4.712707,
    4.699562,
    4.676355,
    4.644467,
    4.601788,
    4.544836,
    4.480328,
    4.421708,
    4.365884,
    4.312969,
    4.265211,
    4.226548,
    4.18444,
    4.149716,
    4.118049,
    4.088791,
    4.056867,
    4.030459,
    4.006434,
    3.980659,
    3.959403,
    3.941697,
    3.919104,
    3.903183
  ],
  "before": {
    "P@1": 0.1253,
    "P@5": 0.1048,
    "R@5": 0.1505,
    "F1@5": 0.113
  },
  "after": {
    "P@1": 0.1378,
    "P@5": 0.1058,
    "R@5": 0.1458,
    "F1@5": 0.1126
  },
  "eval_prompt": "B",
  "top_k": 5
}